account,predicted_flag
a27890,0
a29649,0
a28243,0
a07155,0
a15576,0
a09413,0
a23684,0
a15815,0
a08984,0
a06322,0
a08950,0
a02600,0
a18095,0
a27910,0
a11649,0
a02645,0
a18938,0
a10945,0
a23176,0
a25907,0
a17132,0
a09018,0
a02852,0
a02704,0
a24560,0
a08323,0
a00695,0
a15593,1
a29790,0
a06387,0
a09655,0
a10241,0
a01947,0
a13181,0
a02621,0
a05994,0
a23714,0
a02611,0
a04395,0
a11218,0
a06412,1
a15828,0
a26676,0
a15243,0
a04588,0
a01655,0
a12276,0
a27564,0
a21453,0
a12267,1
a15830,0
a27027,0
a19590,0
a25007,0
a12228,0
a11648,0
a12734,0
a04501,0
a23696,0
a30450,0
a00378,0
a05761,0
a06661,0
a11916,0
a21582,0
a11430,0
a10321,0
a20546,0
a05747,0
a31179,0
a30069,0
a25356,0
a04342,0
a11419,0
a25603,0
a07547,0
a24782,0
a10179,1
a08670,0
a01110,1
a20694,0
a22896,0
a08125,0
a19914,0
a05391,1
a03134,0
a30435,0
a22303,0
a26800,0
a13302,0
a16330,0
a14196,0
a20583,0
a28517,1
a13342,0
a26177,0
a19706,0
a19417,0
a20511,0
a30099,0
a21056,0
a12676,0
a05443,0
a07125,1
a21595,0
a23406,0
a08383,0
a18932,1
a10495,0
a15067,0
a14376,0
a25766,0
a10457,0
a18275,0
a27360,0
a26608,0
a06458,0
a29938,0
a19623,0
a25385,0
a06503,0
a03713,0
a22893,0
a11924,0
a20876,0
a17065,0
a25138,0
a30416,0
a03272,0
a03337,1
a22497,1
a06718,0
a20224,0
a24642,1
a20041,0
a26448,0
a03454,0
a08691,0
a14980,0
a03675,0
a12555,0
a23436,0
a25943,0
a17727,0
a05348,0
a00414,1
a13903,0
a29132,0
a05221,0
a05186,0
a18649,0
a06772,0
a03777,0
a06627,1
a18166,0
a16854,1
a22229,0
a27933,0
a07252,0
a07794,0
a19307,0
a17862,0
a22744,0
a08357,0
a11864,0
a30225,0
a07524,0
a06289,0
a14054,0
a06043,0
a21761,0
a18163,0
a04307,0
a05039,0
a24055,0
a11473,0
a30763,0
a19766,0
a01384,0
a07461,0
a18435,0
a19361,0
a16295,0
a10122,0
a14909,0
a02995,0
a20235,0
a17746,0
a15720,0
a11730,0
a13214,0
a14285,0
a04811,0
a30338,0
a26391,0
a14088,0
a23964,0
a17744,0
a17828,0
a19399,0
a28736,0
a23519,1
a22438,0
a00617,1
a28109,0
a14635,0
a07121,1
a31375,0
a25048,0
a22232,0
a23643,0
a02293,0
a14175,0
a27960,0
a24235,1
a30890,0
a05907,0
a19282,0
a08977,0
a14108,0
a07003,0
a03046,0
a22398,1
a20647,0
a20753,0
a21060,0
a13763,0
a18387,0
a19938,0
a00217,0
a02579,0
a07763,0
a20608,0
a23620,0
a30189,0
a02662,0
a22486,0
a11963,0
a17157,0
a00336,0
a10934,1
a09796,0
a07798,1
a03624,0
a12348,0
a17582,0
a19820,0
a08096,1
a30943,0
a05586,0
a20384,1
a30744,0
a22309,0
a28009,0
a10378,0
a16874,0
a17406,1
a29116,1
a12113,0
a27755,0
a21253,0
a06481,0
a30964,0
a00665,0
a21990,0
a05384,0
a21891,0
a20765,0
a24237,0
a21342,0
a29038,1
a18327,1
a06984,0
a05413,0
a24935,0
a19657,0
a28654,0
a24639,0
a00685,0
a05782,0
a16928,0
a08186,1
a13708,0
a28327,0
a18373,0
a15353,1
a16864,0
a17501,0
a00980,0
a24621,0
a11434,1
a19293,0
a31387,0
a11698,0
a07914,0
a24495,0
a12328,1
a28965,1
a02924,0
a13995,0
a08313,0
a07582,0
a18451,0
a13127,0
a11822,1
a24094,0
a27975,0
a12216,0
a23472,0
a26838,1
a20502,0
a24426,0
a13714,1
a10586,0
a13545,0
a11144,0
a26063,0
a25339,0
a23595,0
a26304,0
a06882,0
a27980,0
a05637,0
a03495,0
a09836,1
a08432,1
a18835,0
a31006,0
a25821,0
a19393,0
a04319,0
a20713,0
a26875,0
a28420,0
a13666,0
a15833,1
a15717,0
a01030,0
a07749,0
a05565,0
a27480,0
a12849,0
a09644,0
a07540,0
a02107,0
a21066,0
a27275,0
a27883,0
a04935,0
a29887,1
a02551,1
a08109,0
a00767,0
a25911,0
a04553,0
a12953,0
a10802,0
a04206,0
a00314,0
a06020,0
a12981,0
a20689,0
a03407,0
a26570,0
a22383,0
a29831,0
a18639,0
a12150,0
a08650,0
a17891,0
a31168,0
a15524,0
a07235,0
a16076,0
a22432,0
a04136,0
a06870,0
a04487,0
a16894,0
a20358,0
a09914,0
a20400,0
a22979,0
a00238,0
a23777,0
a03768,0
a24619,0
a08653,0
a13167,0
a29026,0
a00915,0
a09409,0
a07780,0
a11930,0
a09674,0
a10942,0
a11887,0
a21186,0
a13945,0
a04774,1
a05899,0
a29316,0
a20081,0
a12094,0
a26265,1
a02680,0
a08467,0
a25920,0
a02350,0
a26196,0
a01653,0
a25624,0
a18533,0
a13391,0
a02116,1
a10622,0
a30270,0
a11748,0
a04978,0
a08367,0
a00332,0
a20623,0
a28195,0
a19251,0
a26407,0
a04896,0
a29344,0
a16903,0
a13044,0
a23920,0
a19113,0
a09536,0
a12497,0
a27063,0
a31493,0
a21563,0
a18193,0
a23763,0
a16394,0
a00751,0
a04690,0
a23764,1
a27454,0
a31063,0
a21438,1
a17376,0
a04590,0
a19776,0
a21786,0
a25793,0
a20118,0
a22476,0
a27838,1
a00038,0
a13286,0
a21452,0
a12958,0
a26273,0
a26307,0
a12647,0
a28015,1
a09257,0
a11433,0
a22087,0
a16039,0
a13393,0
a07377,0
a03423,0
a23367,0
a23372,0
a17844,0
a07070,0
a08110,0
a29272,0
a30049,0
a17661,0
a10152,1
a22961,0
a27067,0
a07898,0
a07853,0
a27198,1
a29841,0
a00151,0
a09101,0
a14132,0
a15749,0
a02786,0
a20017,0
a02309,0
a25606,0
a05014,0
a03964,0
a29856,0
a24031,0
a16705,0
a27632,0
a15984,0
a19594,1
a07758,0
a09894,0
a15532,0
a31365,0
a18156,0
a06798,0
a08913,0
a20402,0
a16582,0
a06324,0
a14988,0
a05602,0
a15935,0
a19690,0
a19227,0
a17060,0
a06471,0
a09286,1
a05508,0
a25304,0
a24074,1
a21314,0
a08615,0
a02452,0
a25174,0
a21868,0
a29576,0
a14460,0
a01573,0
a26833,0
a04387,0
a23248,0
a20514,0
a08854,0
a27390,1
a15512,0
a06498,0
a02953,0
a20969,0
a01761,0
a08146,0
a25144,1
a19889,1
a04287,0
a15955,0
a24438,0
a00633,1
a29243,0
a22487,0
a20998,0
a28345,0
a27296,0
a03377,0
a24993,0
a01433,0
a12905,0
a04089,0
a04936,0
a12488,1
a09264,0
a26999,0
a03635,0
a13737,0
a22821,0
a26048,0
a22914,0
a15785,0
a24026,0
a17839,0
a27905,1
a15876,0
a01723,0
a09383,0
a19929,1
a30787,0
a16397,0
a02907,0
a13601,0
a16896,0
a22801,1
a03539,0
a12852,0
a23433,0
a02622,0
a08082,0
a03871,0
a23687,0
a06881,0
a16675,0
a29125,0
a01056,0
a14832,0
a04371,1
a25942,0
a15088,0
a22425,0
a16883,0
a03814,0
a00946,0
a15504,0
a07329,0
a12321,1
a15892,1
a29159,0
a05802,0
a02151,0
a02355,0
a25020,0
a04163,0
a22019,0
a27643,0
a16087,0
a12171,0
a22656,0
a28448,0
a25999,1
a19777,0
a05620,0
a26387,0
a13100,0
a22212,0
a25584,0
a08494,0
a01731,1
a19489,1
a20666,0
a23295,0
a20357,0
a13951,0
a05438,0
a17792,0
a17173,0
a07120,0
a07058,0
a21481,0
a18372,1
a08392,0
a17114,1
a06227,0
a16501,0
a28215,0
a02015,1
a13133,0
a10590,0
a19181,0
a19818,0
a30058,0
a29505,0
a31347,0
a09016,1
a16836,0
a19328,0
a25273,1
a14324,0
a02919,0
a06383,0
a17446,0
a00612,0
a22563,0
a28365,0
a25447,0
a18026,0
a19641,0
a04060,0
a05015,0
a29318,0
a30621,0
a03910,0
a06837,1
a27283,0
a31011,0
a02390,0
a03614,1
a29769,0
a05599,0
a31477,0
a24866,0
a12257,0
a02886,0
a04599,0
a02937,1
a07128,0
a02011,1
a09971,0
a09861,0
a14705,0
a25530,0
a12599,0
a27573,0
a13230,0
a10498,0
a21536,0
a31288,0
a27722,0
a13268,0
a13240,1
a12149,0
a05574,0
a30549,0
a12178,0
a27821,0
a10027,1
a00291,1
a21238,1
a22034,0
a13582,0
a14389,0
a22957,0
a22164,0
a11666,0
a08007,1
a00472,0
a11862,0
a13455,0
a13901,0
a26161,0
a03665,1
a25159,0
a19407,0
a10819,0
a09886,0
a24003,0
a07954,0
a29893,0
a05751,0
a25984,0
a27186,0
a20892,0
a25973,0
a09553,0
a13846,0
a19854,0
a19893,0
a05639,0
a25411,0
a01381,0
a11321,0
a26504,1
a01021,0
a08661,0
a09515,0
a10721,0
a10425,0
a25139,0
a23031,0
a10995,0
a01005,0
a02244,0
a18355,0
a04202,0
a28017,0
a25042,0
a15529,0
a29797,1
a28743,1
a20543,1
a06491,0
a26640,1
a04121,0
a08398,0
a01854,0
a21472,0
a15917,0
a09891,0
a05990,0
a13108,0
a05625,0
a27321,0
a16125,0
a15065,0
a01068,0
a15734,0
a09406,0
a30436,0
a01313,0
a29927,0
a23107,0
a20557,0
a16137,1
a01695,1
a12936,1
a08626,0
a25550,1
a12863,0
a22628,0
a04682,0
a05695,0
a19756,0
a21896,1
a12715,0
a11906,0
a17900,1
a00344,0
a13628,0
a28664,0
a22471,0
a29657,0
a29108,0
a04482,0
a01118,0
a18976,0
a00139,0
a30218,0
a19982,0
a00141,0
a13300,1
a22008,1
a20004,0
a18176,0
a19563,0
a25359,0
a11366,0
a21600,0
a03450,0
a18992,0
a21224,0
a23693,1
a18082,0
a19286,0
a08814,1
a00478,1
a16833,1
a09321,0
a00653,0
a27028,0
a16042,0
a10319,0
a29834,0
a26271,0
a20282,0
a19887,0
a14120,0
a12521,0
a12666,0
a06005,0
a25001,0
a21380,0
a04187,0
a21440,0
a08760,0
a13192,0
a06342,0
a29680,0
a12407,0
a22192,1
a17596,0
a26647,0
a27741,0
a25257,0
a18467,0
a16409,0
a27777,0
a00390,0
a24661,0
a09529,1
a02403,0
a22630,0
a18629,0
a20193,0
a23914,0
a13462,0
a23678,0
a29385,0
a18034,0
a23106,0
a03765,0
a12132,0
a08528,0
a24393,0
a05774,0
a18224,1
a13522,0
a06138,0
a18898,0
a03575,0
a21270,0
a18637,0
a01551,0
a02168,0
a28531,0
a22654,1
a02968,0
a08982,0
a09777,0
a14400,0
a07413,0
a02117,0
a30059,1
a13273,0
a06979,0
a27348,1
a07684,0
a17080,0
a00012,1
a10792,0
a23242,0
a18915,1
a25537,0
a08889,0
a10946,0
a14397,0
a21717,0
a18621,0
a20932,0
a26319,0
a08831,0
a09341,0
a07596,0
a03608,0
a17653,0
a08662,0
a04755,0
a10129,0
a19669,0
a27121,0
a18283,0
a06528,0
a07557,0
a30932,0
a19729,0
a14089,0
a06554,1
a07090,1
a29451,0
a06727,0
a20823,0
a06336,0
a26141,0
a28908,0
a24793,0
a28596,0
a05140,0
a27932,0
a19511,0
a11591,1
a02245,0
a01621,0
a00162,0
a17913,0
a17127,0
a04551,0
a07320,0
a25467,0
a11463,1
a00854,0
a17344,0
a17968,0
a06154,0
a29574,0
a05425,0
a09760,0
a11251,0
a23512,0
a12654,0
a11503,0
a17062,0
a26929,0
a31320,0
a20946,0
a00352,0
a21509,0
a14001,0
a31076,0
a19403,1
a01362,0
a15197,0
a26291,0
a23997,0
a02401,0
a17584,0
a29306,0
a26117,1
a21996,0
a12074,0
a23149,0
a27503,0
a14198,0
a28656,0
a26684,0
a11227,0
a20959,0
a21903,0
a23184,0
a04796,0
a18081,0
a30884,0
a27141,0
a03905,0
a25476,0
a10850,0
a15325,0
a23141,0
a25011,0
a02138,0
a14513,0
a10502,1
a02649,0
a22879,0
a28746,0
a18086,0
a03647,0
a30182,1
a15477,1
a02947,1
a19205,0
a28407,0
a19958,0
a15843,1
a12847,0
a25140,0
a30016,1
a24389,0
a06021,0
a17732,0
a26932,0
a06835,0
a22871,0
a00843,0
a22523,0
a26931,0
a27123,0
a26240,0
a20930,0
a17073,0
a20817,0
a09466,0
a11968,0
a20108,0
a28973,1
a11985,1
a04063,0
a31252,0
a04748,0
a14789,0
a10022,0
a16587,0
a08723,0
a15437,0
a01281,0
a14282,0
a23418,0
a05500,0
a25917,0
a11178,0
a10387,0
a09444,1
a18669,1
a20367,1
a00246,0
a06616,0
a01367,0
a05611,0
a04254,1
a03637,0
a18204,0
a02913,0
a00863,0
a31454,0
a02809,0
a03948,0
a17097,0
a11602,1
a12184,0
a28479,0
a05670,0
a06118,0
a19050,0
a15386,0
a16268,0
a14975,0
a07703,0
a13701,0
a13768,0
a05239,0
a26562,0
a18316,0
a18720,0
a25435,0
a11608,0
a18003,0
a02756,0
a03762,0
a19347,0
a02751,0
a25129,1
a26007,0
a28894,0
a15260,1
a28931,0
a18440,0
a22953,0
a29739,0
a16730,0
a20515,0
a26719,0
a09636,0
a13991,0
a05485,0
a11111,0
a26693,1
a01395,0
a07008,1
a08927,0
a09874,0
a24774,0
a15108,0
a30237,0
a00298,0
a29647,0
a28957,0
a19968,0
a22078,0
a14238,0
a23663,0
a23246,0
a23838,0
a30409,0
a16533,0
a08207,0
a17708,0
a27640,0
a15170,0
a02767,0
a25439,0
a20793,0
a18378,0
a27077,0
a13738,0
a23898,0
a18695,0
a07790,0
a07805,0
a20032,1
a13702,0
a05191,1
a27434,1
a14617,0
a00595,0
a13866,0
a29002,0
a22696,0
a30178,1
a11318,1
a24150,0
a05859,0
a21334,0
a18734,0
a26921,0
a29148,0
a24019,0
a14493,0
a06166,0
a31194,1
a19046,0
a26118,0
a10318,0
a30597,0
a11565,0
a30941,0
a17776,0
a08390,0
a24122,0
a00831,0
a02435,1
a01057,0
a09698,0
a00105,0
a08917,0
a23786,0
a07154,0
a19991,1
a27265,0
a12757,0
a17058,0
a18004,0
a20239,0
a04440,0
a13416,0
a26372,0
a19974,1
a26258,0
a26002,1
a19570,0
a09583,0
a09005,0
a24101,0
a23377,0
a20102,0
a08784,0
a25688,0
a13770,0
a11262,0
a06713,0
a12713,0
a08171,0
a26970,0
a13909,0
a09786,0
a28866,1
a16427,1
a16920,0
a31038,1
a27439,1
a30897,0
a06085,0
a08239,0
a24329,0
a09104,0
a22220,0
a01283,0
a10063,0
a23538,0
a28858,0
a04519,0
a18430,0
a08101,0
a05975,0
a18248,0
a26783,0
a12189,0
a26183,0
a28297,1
a24336,0
a12968,0
a05169,1
a06584,0
a26994,0
a12286,0
a20539,0
a09258,0
a05092,0
a13488,0
a08149,0
a29967,0
a07205,1
a26229,1
a02535,0
a24657,0
a28620,0
a05551,0
a01542,0
a23099,0
a14864,1
a00932,0
a00984,0
a12623,0
a21065,0
a04825,0
a00446,0
a05168,0
a16092,0
a13282,0
a22985,1
a10372,0
a02456,0
a19262,0
a29569,0
a14487,0
a20237,1
a21229,0
a06059,0
a03352,0
a01633,0
a20391,0
a29369,0
a14229,1
a21611,0
a30951,0
a10711,0
a14907,0
a29855,0
a01097,0
a08768,1
a31362,0
a06152,0
a02247,0
a10654,0
a11097,0
a01239,1
a31112,0
a20472,1
a27124,0
a12865,0
a12288,0
a00722,0
a00796,0
a21814,0
a11721,0
a04778,0
a05120,0
a22734,0
a07687,1
a23552,0
a26094,0
a16437,0
a29138,0
a14735,0
a22437,0
a28595,0
a16528,0
a11733,1
a11460,1
a03048,0
a12919,0
a20346,0
a20715,0
a15941,0
a27494,0
a27204,0
a03201,0
a21352,0
a05719,0
a30377,0
a14565,0
a09609,0
a09365,0
a11033,0
a10779,0
a26955,0
a11085,0
a23677,0
a17773,0
a10036,0
a12540,0
a10487,0
a20674,0
a20505,0
a28226,0
a10670,0
a07075,0
a04953,0
a07277,0
a22350,0
a09631,0
a01867,0
a10529,0
a18563,0
a26484,0
a18338,0
a09223,0
a15756,0
a00779,0
a25961,0
a24278,0
a06444,0
a17927,0
a07614,0
a11323,0
a26656,0
a09418,0
a10813,0
a11874,1
a02222,0
a08083,1
a18716,0
a09812,0
a01832,0
a27372,0
a27651,0
a11165,0
a10751,0
a04580,1
a19848,0
a04804,0
a19732,0
a17161,0
a12756,0
a29987,0
a23583,1
a29427,0
a20587,0
a01597,0
a13139,0
a09483,0
a21562,0
a14465,0
a22046,0
a13886,0
a26607,0
a02307,0
a25507,0
a03342,0
a18909,0
a31040,0
a17354,1
a29156,0
a25720,0
a04512,0
a13718,0
a25290,0
a07866,0
a29512,0
a11867,0
a29840,0
a16608,0
a10854,0
a26452,0
a05131,0
a16775,0
a14623,0
a06369,0
a23046,0
a21627,1
a01270,1
a24630,0
a29784,0
a31393,0
a30326,0
a21899,0
a17465,0
a02411,0
a28922,0
a06955,1
a17871,0
a06401,0
a05147,0
a19153,1
a07489,0
a29640,0
a15141,0
a23036,0
a06200,0
a26704,0
a08965,0
a15006,0
a22771,0
a16488,1
a16174,0
a07604,0
a07745,0
a01946,0
a19858,0
a05908,0
a18693,0
a11692,0
a04893,0
a09927,0
a20360,0
a29559,0
a25342,0
a14624,0
a21268,0
a14540,1
a25731,0
a09194,0
a06895,0
a15385,1
a04710,1
a20008,0
a26823,0
a09936,0
a17086,0
a16354,0
a08523,0
a13910,0
a17248,0
a13671,0
a27431,0
a01223,0
a08168,0
a14064,0
a26840,0
a08583,0
a23676,0
a22474,0
a06749,0
a25308,1
a13493,0
a24373,0
a10911,0
a01909,1
a24885,0
a30052,0
a19149,0
a07431,0
a25831,0
a09999,0
a30785,1
a04210,1
a14883,0
a28777,1
a25016,0
a21571,0
a13397,1
a26727,0
a15760,0
a00125,0
a28533,0
a00372,1
a16384,0
a02207,0
a18340,0
a27393,0
a14070,0
a10250,0
a29669,0
a02477,0
a18584,0
a07364,0
a17070,0
a11308,1
a17867,0
a24191,1
a31029,0
a19255,0
a19682,0
a05360,0
a01758,0
a23639,0
a02792,0
a20086,0
a14563,0
a16634,0
a24168,0
a20907,0
a00420,0
a14817,0
a26134,0
a25203,0
a10997,0
a27427,0
a06561,0
a14981,0
a23507,0
a07589,0
a10562,1
a13546,0
a04638,0
a06447,0
a24598,1
a22408,0
a03208,1
a24827,0
a16691,0
a07159,0
a11139,0
a16877,0
a13506,0
a09219,0
a09544,0
a31346,0
a09395,0
a17651,0
a06868,0
a26104,0
a15380,0
a20630,0
a12482,0
a01592,0
a14544,0
a07333,0
a15017,1
a13041,1
a10076,0
a16251,0
a10683,0
a18968,0
a24821,0
a24083,0
a01129,0
a06300,0
a07802,0
a01023,0
a30369,0
a19441,0
a00788,0
a02527,0
a08406,0
a14913,0
a12242,0
a15881,0
a24843,0
a06415,0
a19182,0
a19289,0
a23320,0
a10086,0
a18645,0
a18131,0
a05865,0
a31274,0
a04064,0
a01084,0
a06795,0
a12471,0
a25728,0
a06372,0
a06780,0
a02619,1
a06720,1
a26728,1
a04808,1
a21442,1
a13055,1
a16401,0
a15802,0
a13146,0
a01735,0
a07804,0
a28197,0
a23727,0
a28719,0
a19025,0
a26360,0
a29675,0
a02974,0
a20458,0
a06791,0
a07761,0
a12817,0
a20575,0
a07908,0
a18148,0
a23296,0
a30296,0
a13208,0
a17635,0
a18134,0
a03318,1
a02524,0
a10230,0
a02396,1
a20280,0
a07347,0
a24628,1
a21928,0
a11330,0
a04968,0
a12378,0
a21574,0
a16539,0
a05430,0
a08126,0
a05029,0
a29793,0
a21884,0
a23253,0
a25666,0
a30481,0
a31130,0
a02421,0
a02387,0
a19660,0
a07799,0
a03891,0
a20127,0
a05268,0
a30698,0
a12808,0
a07656,0
a12872,0
a04065,0
a06202,1
a20597,0
a14904,0
a08794,0
a06013,0
a02038,0
a00666,0
a03523,1
a18791,0
a02653,0
a18076,0
a24377,0
a24778,0
a21072,0
a01132,0
a28994,0
a21155,0
a17002,0
a05698,0
a12804,0
a12761,0
a24385,0
a26033,0
a03532,0
a05465,0
a09127,0
a19086,0
a16726,0
a07183,0
a03333,0
a13569,0
a22915,0
a21531,0
a02626,0
a00491,0
a05439,0
a20960,0
a12454,0
a07122,0
a25015,0
a21146,0
a22960,0
a28305,0
a28318,0
a23776,0
a30551,0
a06348,0
a12712,0
a15540,0
a22188,0
a02508,0
a10107,0
a07678,0
a23109,0
a29646,0
a03697,0
a18263,0
a23387,0
a05863,0
a07646,0
a04054,0
a07632,0
a30083,0
a00526,0
a15459,0
a31167,0
a03792,0
a00966,0
a00682,0
a00900,0
a01893,0
a29155,0
a08872,0
a21633,0
a21081,1
a06077,0
a16921,1
a00079,0
a31123,0
a12531,0
a15081,0
a23140,0
a22966,0
a19411,0
a29758,0
a25648,0
a01264,0
a12995,0
a01137,0
a04167,0
a04310,0
a26437,0
a23855,0
a08809,0
a21686,0
a16104,1
a02375,0
a23970,0
a20374,0
a09318,0
a19960,0
a04084,0
a17601,0
a09686,0
a21487,0
a12095,0
a25590,0
a04243,1
a25814,0
a25384,0
a28480,0
a18723,0
a18196,0
a15561,0
a01976,0
a09175,0
a23330,0
a30355,0
a31469,0
a16683,0
a07947,1
a27868,0
a14443,0
a01715,0
a29465,0
a16658,0
a14863,0
a23484,1
a19600,0
a01149,0
a26418,0
a31242,0
a03752,0
a22897,0
a30922,0
a15308,0
a30960,0
a26857,0
a07925,1
a10710,1
a17980,1
a25583,1
a19265,1
a14354,0
a04146,0
a21592,0
a12032,0
a09719,0
a01251,0
a26831,0
a28127,0
a10548,0
a06861,0
a02928,0
a00594,0
a11406,0
a24962,0
a23343,0
a23346,0
a18518,0
a01956,0
a16150,0
a01028,0
a17570,0
a21729,0
a19364,0
a17975,0
a06793,0
a20670,0
a17438,0
a31269,0
a10724,0
a12200,0
a17894,0
a16961,0
a31241,0
a04579,0
a15206,0
a18914,0
a30358,0
a26478,0
a30593,0
a22278,0
a18803,1
a11920,1
a28177,0
a16322,0
a07508,1
a17897,0
a17655,0
a21412,0
a15018,0
a22874,0
a16645,0
a19725,0
a19772,0
a27332,0
a09363,0
a20530,0
a03564,0
a23867,0
a04634,0
a01330,0
a25829,0
a21293,0
a01321,0
a03592,1
a04475,0
a27815,0
a23468,0
a05329,1
a18155,1
a11792,0
a08352,1
a23148,1
a07036,1
a17717,1
a15395,1
a17394,1
a25292,0
a18084,0
a17631,1
a01608,0
a19527,0
a25842,0
a07242,0
a02961,0
a28978,0
a00053,0
a16363,0
a04792,0
a22700,0
a15896,0
a19033,0
a26959,0
a29197,0
a06280,0
a23386,0
a06069,0
a07000,1
a29268,0
a15446,0
a10918,0
a26197,0
a13583,0
a23179,0
a28984,0
a21886,0
a17045,0
a29470,0
a02166,0
a07299,0
a17266,0
a27830,0
a30137,0
a25857,0
a13357,0
a16178,0
a02654,0
a13008,0
a02528,0
a03832,0
a21437,0
a23977,0
a14518,0
a21439,0
a02388,0
a05446,0
a24644,0
a03705,0
a22226,0
a23368,0
a09991,0
a17426,1
a04435,1
a18374,1
a24967,1
a01455,0
a15585,0
a25330,0
a17517,0
a05077,0
a25689,0
a10722,0
a13550,0
a13049,0
a28233,1
a29339,0
a13622,0
a14111,0
a03265,0
a22230,0
a29730,0
a07447,0
a13269,0
a11477,0
a22955,0
a25395,0
a31172,0
a19843,0
a29541,0
a28530,0
a02199,0
a01491,0
a16476,0
a21916,1
a09467,1
a12373,0
a27258,1
a28710,0
a20427,0
a17316,0
a26717,0
a20424,0
a23161,0
a16271,1
a14479,0
a03487,0
a13105,0
a21933,1
a20811,0
a16541,0
a02364,0
a25769,0
a26288,0
a20915,0
a14020,0
a06186,0
a18885,0
a04842,0
a27693,0
a11242,0
a17448,0
a09973,0
a01851,0
a25077,0
a22950,0
a18436,0
a30965,1
a26514,1
a20951,1
a03366,1
a20524,1
a06582,0
a17932,1
a29711,1
a02943,0
a12013,0
a26127,0
a00073,0
a10818,0
a20061,0
a05903,0
a15186,0
a04890,0
a12787,0
a04696,0
a03042,0
a08241,0
a02164,0
a19376,0
a11472,0
a04723,0
a11072,0
a07645,0
a12607,0
a11620,0
a16288,0
a23844,0
a00990,0
a00692,0
a13074,1
a21331,0
a13066,0
a14228,0
a01569,0
a15697,0
a24550,0
a12544,0
a03581,0
a25445,0
a04148,0
a05629,0
a16590,0
a14810,0
a03009,0
a12085,0
a13457,0
a26995,0
a10176,0
a29507,0
a21326,0
a11995,0
a15407,0
a13451,0
a23809,0
a06026,0
a19248,0
a02362,0
a18115,0
a00928,0
a30483,0
a20088,0
a28568,0
a10156,0
a12318,0
a08952,0
a05273,0
a03135,0
a01192,0
a13801,0
a15422,1
a13987,0
a05661,0
a20485,0
a00780,0
a25975,0
a07257,0
a20002,0
a31480,0
a03490,0
a01717,0
a15318,0
a23289,1
a05984,0
a25267,0
a01755,0
a01366,0
a02529,0
a16682,1
a09118,0
a02252,0
a13806,0
a03895,0
a29271,0
a21416,0
a20271,0
a10989,0
a07842,0
a00800,0
a00942,0
a31000,0
a07666,0
a06151,0
a24584,0
a31050,0
a13495,0
a05499,0
a13058,0
a30466,0
a13824,0
a29158,0
a08281,1
a18354,1
a21614,1
a18625,0
a14253,0
a03401,0
a25094,0
a25337,0
a29137,0
a16684,0
a12070,0
a30697,0
a10295,0
a09180,0
a28166,0
a06962,0
a00734,0
a29673,0
a08375,0
a30063,0
a02593,0
a20039,0
a19613,0
a01269,0
a13234,0
a20569,0
a07662,0
a16881,0
a12452,0
a15169,0
a00520,1
a26554,0
a00240,0
a14589,0
a14101,0
a24706,0
a14127,0
a09617,0
a29726,0
a26290,0
a04673,0
a28521,0
a00422,0
a00021,0
a07244,0
a20651,0
a24326,0
a04026,0
a04456,0
a18215,0
a19228,0
a07767,0
a09851,0
a12546,0
a06641,0
a06579,0
a29145,0
a25405,0
a00893,0
a19478,0
a21882,0
a26199,0
a08100,1
a00047,1
a13580,0
a02113,1
a30233,1
a10286,1
a08250,1
a08008,1
a06589,0
a09713,0
a09870,0
a28279,0
a30898,0
a26388,0
a17787,0
a06920,0
a11627,0
a23596,0
a02335,0
a29761,0
a26925,1
a22280,0
a25773,0
a18284,0
a15800,0
a11560,0
a07249,1
a16579,0
a05977,0
a18776,0
a11114,0
a13518,0
a26162,0
a29139,0
a13719,0
a23642,0
a15046,0
a12212,0
a14801,0
a11628,0
a28751,0
a12902,0
a06155,0
a12037,0
a13748,0
a09143,0
a27237,0
a06880,0
a28012,0
a21820,0
a02906,0
a17158,0
a00886,0
a15977,0
a04014,0
a14665,0
a11980,0
a05845,0
a25580,0
a28820,0
a04120,0
a12278,0
a16509,0
a10542,0
a11235,0
a30810,0
a18570,1
a19512,1
a05753,0
a26123,0
a18347,0
a07191,1
a20556,1
a12501,0
a11019,1
a02482,1
a16357,1
a31341,1
a00737,0
a03275,0
a20080,0
a16086,0
a03500,0
a18748,0
a01603,0
a11927,0
a01966,0
a22920,0
a25407,0
a12997,0
a13045,0
a18902,0
a13288,0
a03572,0
a04667,0
a08507,1
a23008,0
a04591,0
a18464,0
a02470,0
a00469,0
a10758,0
a02248,0
a02434,0
a22935,0
a29885,0
a20580,0
a14100,0
a14212,0
a28455,1
a21909,1
a16077,1
a26133,1
a21588,0
a15337,0
a02829,1
a29847,0
a06105,0
a18018,0
a19253,0
a06577,0
a22066,1
a27315,0
a13006,0
a21328,0
a09377,0
a18229,0
a22722,0
a09391,0
a15971,0
a02288,0
a23609,0
a28889,0
a13830,0
a03690,0
a24729,0
a31114,0
a11757,0
a05590,0
a24849,0
a06538,0
a24233,1
a09535,0
a07281,0
a21107,0
a07013,0
a21191,0
a22283,1
a14173,0
a14927,0
a19024,0
a05715,0
a00030,0
a03214,0
a07721,0
a16955,0
a00851,0
a13364,0
a25208,0
a22646,0
a17739,0
a00696,0
a24536,0
a29861,0
a23269,1
a05259,0
a20955,1
a25285,1
a07221,1
a04165,1
a20383,1
a09269,0
a14106,0
a16404,0
a23846,0
a19433,0
a05379,0
a14805,0
a30184,0
a14430,0
a15535,0
a05468,0
a04921,0
a21180,0
a24178,0
a22373,0
a10355,0
a12608,0
a24695,0
a13251,0
a00140,0
a13326,0
a24286,0
a14511,0
a30579,0
a06719,0
a25641,0
a28912,0
a00312,0
a14211,0
a08803,0
a03319,0
a00697,0
a28715,0
a23363,0
a03763,0
a19232,0
a12667,0
a21575,0
a23625,0
a09389,0
a16286,0
a03997,0
a14195,0
a02023,0
a17953,0
a23804,0
a18673,1
a11851,0
a15933,0
a05732,0
a15757,0
a17206,0
a23612,0
a09977,0
a08384,0
a00103,0
a05220,0
a03639,0
a12861,0
a16795,0
a25540,0
a19913,0
a10313,0
a30091,0
a27337,1
a18660,0
a16972,0
a05728,0
a03993,0
a02130,0
a25030,0
a06051,0
a22965,0
a28550,0
a22890,0
a16613,0
a22210,0
a10955,0
a07473,0
a10963,0
a09491,0
a11204,0
a30485,0
a16255,0
a23415,0
a30589,0
a28901,1
a07362,0
a24944,0
a13093,0
a22681,0
a09340,0
a04750,0
a00152,0
a10242,0
a26941,0
a01447,0
a23325,0
a30473,0
a17201,1
a15872,0
a30363,0
a15514,0
a08967,0
a16926,0
a15340,0
a07700,1
a31126,0
a29261,0
a29312,0
a06304,1
a22903,0
a22514,0
a26776,0
a00173,0
a30060,0
a06665,0
a21955,1
a20858,0
a06206,0
a04105,0
a27166,0
a18160,0
a04532,0
a24371,0
a16435,0
a11619,0
a04032,0
a10058,0
a04524,0
a25577,0
a20247,0
a16907,0
a23290,0
a06707,0
a12350,0
a30523,0
a26453,1
a11409,1
a15089,1
a30967,1
a29199,1
a03696,1
a21188,1
a23632,0
a19628,0
a10277,0
a04139,0
a12443,0
a02818,0
a14246,0
a26519,0
a08075,0
a18505,0
a07477,0
a12824,0
a23458,0
a21360,0
a10667,0
a09512,0
a09271,0
a05646,0
a08903,0
a05591,0
a18122,1
a01952,1
a12764,0
a18477,0
a01309,1
a07848,0
a20638,1
a08340,1
a08338,0
a31244,0
a18011,0
a23891,0
a18056,0
a06274,0
a31458,0
a09513,0
a10455,0
a18959,0
a18871,0
a21210,0
a29880,0
a17085,0
a28434,0
a08173,0
a01677,0
a18101,0
a04522,0
a25832,0
a11236,0
a11184,0
a02977,0
a15818,0
a07857,0
a09259,0
a15786,0
a27609,0
a22031,0
a29207,0
a08321,0
a19773,0
a12889,0
a19647,0
a17361,0
a09552,0
a07267,0
a05558,0
a10493,0
a12187,0
a00778,0
a08140,0
a11635,0
a01998,0
a26612,0
a21112,0
a06985,0
a10311,0
a31191,0
a29300,0
a25193,0
a08938,0
a20454,0
a07879,0
a03188,0
a18532,0
a09505,0
a21218,0
a12799,1
a31162,0
a14261,0
a16989,0
a11849,0
a28523,0
a05906,1
a15148,0
a24184,0
a19702,0
a17598,0
a00668,0
a08216,1
a21052,0
a29360,0
a28661,0
a23243,0
a20188,0
a04729,0
a31251,0
a17590,0
a17322,0
a25788,0
a00538,0
a27537,0
a22060,0
a23938,0
a06045,0
a01243,0
a15426,0
a12038,0
a16102,0
a15595,0
a04451,0
a12084,0
a00785,0
a00731,0
a17383,0
a19932,0
a07564,1
a22037,1
a03035,1
a17860,1
a03852,0
a27982,0
a07777,1
a11300,1
a19446,1
a00467,0
a09331,0
a26734,1
a18521,0
a13235,0
a05204,0
a27596,0
a31183,0
a29007,0
a01675,0
a02190,0
a06072,0
a24618,0
a14749,0
a13557,0
a25827,0
a24779,0
a20977,0
a19823,0
a11022,0
a04787,0
a17782,0
a07917,0
a29786,0
a01538,0
a21976,0
a15321,0
a03774,0
a15365,0
a23592,0
a14970,0
a29538,0
a27092,0
a24069,0
a06737,0
a25632,0
a18828,0
a18243,0
a30482,0
a20711,0
a17996,0
a00045,0
a17012,0
a04683,0
a05982,1
a01721,0
a02065,0
a25093,0
a15863,0
a24011,0
a24333,0
a15192,0
a24601,0
a08504,0
a31305,0
a30684,0
a27214,0
a17685,1
a28513,0
a11855,0
a26705,0
a26324,0
a07094,0
a19550,0
a11814,0
a05210,0
a07563,0
a04478,0
a19333,0
a19179,0
a18990,0
a11030,0
a09335,0
a07001,0
a22748,0
a03192,0
a14159,0
a25263,0
a20113,0
a26538,0
a00752,0
a07874,0
a15840,0
a28886,0
a09020,0
a17055,0
a13075,0
a23500,0
a19146,0
a10931,0
a12984,0
a16620,0
a15149,0
a24248,0
a24327,0
a09929,0
a19009,0
a26394,0
a18303,0
a04444,0
a17793,0
a04384,0
a08433,0
a03382,0
a25496,0
a29870,0
a14675,0
a23748,0
a16119,0
a22776,0
a27936,0
a04546,0
a24557,0
a29244,0
a21125,0
a14777,0
a26077,0
a02233,0
a31394,0
a30957,0
a23340,0
a01693,0
a08572,0
a28148,0
a17133,0
a03294,0
a12976,0
a15748,0
a06252,0
a28882,0
a01502,1
a01026,0
a01558,0
a10914,0
a21851,0
a13199,0
a11693,0
a10643,0
a03295,0
a05476,0
a29088,0
a20253,0
a18455,0
a14052,0
a01781,0
a16015,0
a29066,0
a29575,0
a25145,0
a01158,0
a16038,0
a08672,0
a17311,1
a01114,0
a04375,0
a13117,0
a18616,0
a14672,0
a15032,0
a04757,0
a28141,0
a11496,0
a17675,0
a15816,0
a12258,0
a21382,0
a11820,0
a09247,0
a23187,0
a24740,0
a17474,0
a25450,0
a18558,0
a02669,0
a18568,0
a06008,0
a00532,0
a13466,1
a08597,1
a01037,1
a12134,0
a25979,0
a13968,0
a09062,1
a23089,0
a08548,0
a16520,0
a17121,0
a11618,0
a05619,0
a23998,0
a28623,1
a11774,0
a26102,0
a16195,1
a18528,0
a14473,0
a23039,0
a13256,0
a00439,0
a13086,0
a04639,0
a16057,0
a06726,0
a02058,0
a25959,0
a29266,0
a09567,0
a26893,0
a17911,0
a15770,0
a10323,0
a30197,0
a12336,0
a11002,0
a20446,0
a08005,0
a28346,0
a02181,0
a02444,0
a21964,0
a03955,0
a16897,0
a21953,0
a09420,0
a02218,0
a11690,0
a15908,0
a10168,0
a09682,0
a03207,0
a08517,0
a04518,0
a26431,0
a13431,0
a14669,0
a27613,0
a00881,0
a21986,0
a24901,0
a28084,0
a15852,0
a13195,0
a30833,0
a08307,0
a27888,0
a00011,0
a14905,0
a04420,0
a10214,0
a02008,0
a12170,0
a25534,0
a04289,0
a21315,0
a23313,1
a19396,1
a09990,0
a07224,1
a28026,0
a04169,0
a02156,0
a13121,0
a09001,0
a23536,0
a23201,0
a26147,0
a08961,1
a05947,0
a09374,0
a18036,1
a24022,1
a20671,0
a25054,0
a14481,0
a29530,0
a01821,0
a14471,0
a08000,0
a05249,0
a01627,0
a23058,0
a25546,0
a13752,0
a23006,0
a30743,0
a04366,0
a21816,0
a28782,0
a21832,0
a30909,0
a27990,0
a23782,0
a21971,1
a20520,1
a01461,0
a10767,0
a23880,0
a26961,0
a06187,0
a07424,0
a30336,0
a21695,0
a10020,0
a01164,0
a07144,0
a14775,0
a09390,0
a25228,0
a14644,0
a19481,0
a13016,0
a19187,0
a27549,0
a09083,0
a24309,0
a11646,0
a13338,0
a02773,1
a30499,1
a24115,0
a29016,1
a24891,0
a29564,1
a30825,1
a16605,1
a12028,0
a06715,0
a30037,0
a28899,1
a01242,0
a27148,0
a04622,0
a25157,0
a20943,0
a20886,0
a05722,0
a09625,0
a27324,0
a30029,0
a03365,0
a21560,0
a18674,0
a29227,0
a24856,0
a23697,0
a15189,0
a20429,0
a09800,0
a27229,0
a28633,0
a17175,0
a28049,0
a29942,0
a09712,0
a14556,0
a28577,0
a23661,0
a27740,0
a20048,0
a22680,0
a00945,0
a13422,0
a14406,0
a23830,1
a09797,0
a31121,0
a18388,0
a24287,0
a30740,0
a09434,0
a18875,0
a13292,0
a09121,1
a30175,0
a23461,0
a22600,0
a09791,0
a23010,0
a10949,0
a02236,0
a15022,0
a15060,0
a03795,0
a29892,0
a28812,0
a24073,0
a09055,0
a27758,0
a14372,0
a22268,0
a08787,0
a25394,0
a13096,0
a09858,0
a10649,0
a03568,0
a06198,0
a15443,0
a20050,0
a10909,0
a18514,0
a00654,0
a25117,0
a30139,0
a11889,0
a10706,0
a16713,0
a06467,0
a09078,1
a10448,0
a19742,0
a09811,0
a05839,0
a29617,0
a19791,0
a24549,1
a08175,1
a18807,1
a20355,1
a31412,1
a25850,1
a13617,0
a09899,1
a27306,1
a03631,1
a24972,0
a20184,0
a20211,0
a11158,0
a10555,0
a15126,0
a18400,0
a00747,0
a09076,1
a29944,0
a01953,0
a22167,0
a08844,0
a24261,0
a21254,0
a13036,0
a20950,0
a31141,0
a22986,0
a04239,0
a21714,0
a07496,1
a06511,0
a31408,0
a09158,0
a23167,0
a31247,0
a14590,0
a21343,0
a14271,0
a08135,0
a10790,0
a20516,0
a01411,0
a01663,0
a26303,0
a18261,0
a15996,0
a15376,0
a11831,0
a13871,0
a11001,0
a06473,0
a27407,0
a22176,0
a12479,0
a24436,0
a23832,0
a20682,0
a21532,0
a21133,0
a27992,1
a05288,0
a24508,0
a10491,0
a16993,0
a06899,0
a16822,0
a30298,0
a08052,0
a19468,0
a21959,0
a08071,0
a19415,0
a29463,0
a12675,0
a09607,0
a13667,0
a18048,0
a08730,0
a27062,0
a07506,0
a18482,0
a26712,0
a11962,0
a03799,0
a27191,0
a22277,0
a13480,0
a23871,0
a25404,0
a00953,0
a16001,0
a19479,0
a06147,0
a14966,0
a29518,0
a10110,0
a17228,0
a27080,0
a29787,0
a30314,0
a26606,0
a07504,0
a17483,0
a01059,0
a26762,0
a15633,0
a13632,0
a22990,0
a28838,0
a04320,0
a14268,0
a04047,0
a19846,0
a10659,0
a19526,0
a16323,0
a09290,0
a13304,0
a26802,0
a16904,0
a11516,0
a20721,0
a27501,0
a23619,0
a15668,0
a02533,0
a01785,0
a19552,0
a20928,0
a18775,0
a05692,0
a22005,0
a08555,0
a00849,0
a10465,0
a25190,0
a27066,1
a09828,0
a15132,0
a05284,0
a15506,0
a03276,0
a02480,0
a05535,0
a21477,0
a00388,0
a29350,0
a01790,0
a26408,0
a04676,0
a18551,0
a25012,0
a05668,0
a10965,0
a20507,0
a13404,0
a03191,0
a00497,0
a00384,1
a03534,0
a17033,0
a08763,0
a04303,0
a07785,0
a14091,0
a12329,0
a12794,0
a10030,0
a05266,0
a02671,0
a15183,0
a24673,0
a03538,0
a31317,0
a12370,0
a00359,0
a11360,0
a25686,0
a05976,0
a13936,0
a10642,0
a00088,0
a27880,0
a08800,0
a20182,0
a22143,0
a05267,0
a08023,0
a00791,0
a07034,0
a07059,0
a17869,0
a05922,0
a27320,0
a02016,0
a22314,0
a19928,0
a11326,0
a20989,1
a22994,1
a19151,1
a26819,1
a00154,0
a27049,0
a07810,0
a14003,0
a31165,1
a19466,0
a17240,1
a18424,1
a29030,1
a01566,1
a17786,0
a28163,1
a21653,1
a19794,1
a07397,1
a24493,1
a08137,0
a19177,0
a08711,0
a21732,0
a19972,0
a01049,1
a09933,0
a05276,0
a17230,0
a30986,0
a01332,0
a24325,0
a15438,0
a26463,0
a07171,1
a26859,0
a22694,0
a27043,0
a12934,0
a15239,0
a26836,0
a14156,0
a04799,0
a26556,0
a01914,0
a17703,0
a15747,0
a21948,0
a15538,0
a25819,0
a16344,0
a30074,0
a03344,0
a09117,0
a22330,0
a11451,0
a02483,0
a17726,0
a12165,0
a24914,0
a02449,0
a16673,0
a17689,0
a18041,0
a25226,0
a12417,0
a19429,0
a02141,1
a09693,0
a31084,0
a20254,0
a15533,0
a26254,0
a09672,0
a31057,0
a26880,0
a11040,0
a13048,0
a17561,0
a02120,0
a05540,0
a18206,0
a00242,1
a17152,1
a25679,1
a18288,1
a06374,1
a16132,1
a14993,0
a19840,0
a01229,0
a28617,1
a06766,1
a16681,1
a21266,1
a20770,1
a12784,1
a19856,0
a21746,0
a23231,1
a21840,0
a13932,0
a04192,1
a07352,0
a09968,0
a24942,1
a25036,0
a15202,0
a03742,0
a03511,0
a14248,0
a15068,0
a01831,0
a12643,0
a10894,0
a11488,0
a05640,0
a06958,0
a24703,0
a28021,0
a19624,0
a20482,0
a15185,0
a25074,0
a17920,0
a28359,0
a06856,0
a30648,0
a18718,0
a07627,0
a03426,0
a07148,0
a19897,0
a23942,0
a03238,0
a05321,0
a15826,0
a08478,0
a21296,0
a09451,0
a12239,0
a12086,0
a07955,0
a25091,0
a03693,1
a13890,0
a00174,0
a11811,0
a31205,0
a22970,0
a00948,0
a11350,0
a04726,0
a15799,0
a30532,0
a14600,0
a28512,0
a00968,0
a18667,0
a05805,0
a23568,0
a00477,0
a02666,0
a05219,0
a05398,0
a01852,0
a16917,0
a10871,1
a10921,0
a28921,0
a07595,0
a18554,0
a09000,0
a09857,0
a06246,0
a30712,0
a24871,0
a15107,0
a10180,0
a23705,0
a18564,0
a13657,0
a15793,0
a02439,0
a19639,0
a21110,0
a00750,1
a29461,0
a26170,0
a17930,0
a11353,0
a01399,0
a04406,0
a06999,0
a11379,0
a04648,0
a19865,0
a00730,0
a17934,0
a30212,0
a07258,0
a04399,0
a31445,0
a27165,0
a22905,0
a23076,0
a11742,0
a10476,0
a21557,0
a29950,0
a21370,1
a18950,1
a03632,0
a30566,1
a13190,0
a05609,0
a05758,1
a17098,1
a19492,1
a06244,1
a28990,0
a29419,0
a12283,0
a21319,0
a16594,0
a22370,1
a06947,0
a04560,0
a16902,0
a17260,0
a10279,0
a26282,0
a12528,0
a12839,1
a20194,0
a12141,0
a04698,0
a18021,0
a30070,0
a06273,0
a15931,0
a12051,0
a08542,0
a15954,0
a05105,0
a19357,1
a13236,0
a10147,0
a30614,0
a20574,0
a03072,0
a30084,0
a04697,0
a30096,0
a12230,0
a17284,0
a25695,0
a14874,0
a13333,0
a12821,0
a18216,0
a09475,0
a26116,0
a01757,1
a02338,0
a30680,0
a04585,0
a20278,0
a18984,0
a07623,0
a06382,0
a22766,0
a04097,0
a21100,0
a08193,0
a05226,0
a11651,0
a29424,0
a03451,0
a10235,0
a22671,0
a01182,0
a15320,0
a12963,0
a06089,0
a29214,0
a18738,0
a03876,0
a01929,0
a28954,0
a18123,0
a29106,0
a16050,1
a06449,0
a31354,1
a12800,0
a19100,0
a14270,0
a26949,0
a18352,0
a01082,0
a08975,0
a29087,0
a28383,0
a14124,0
a05665,0
a24605,0
a04826,0
a07438,0
a00777,0
a04744,0
a23774,0
a29648,0
a14464,0
a11341,0
a18358,0
a08148,0
a27998,0
a01046,0
a27107,0
a03395,0
a28363,0
a06327,0
a09079,0
a28091,0
a15259,0
a17702,0
a21537,0
a23919,0
a25265,0
a26198,0
a09160,1
a11264,0
a28810,0
a08458,0
a01423,0
a18314,0
a02520,0
a30201,0
a12538,0
a01280,0
a14726,0
a11280,0
a28653,0
a27021,0
a22136,0
a11282,0
a29546,0
a13425,0
a17305,0
a24919,0
a18130,0
a08500,0
a20310,0
a00102,0
a28284,0
a21543,0
a30134,0
a27382,0
a26458,0
a13313,0
a11590,0
a26370,0
a07696,0
a02094,0
a03463,0
a17400,0
a24872,0
a14878,0
a19978,0
a08537,0
a26541,0
a03749,0
a19704,0
a04841,0
a25938,0
a28076,0
a30962,0
a21869,0
a09065,0
a09222,0
a00626,0
a21647,0
a11966,0
a01962,0
a19676,0
a09422,0
a00876,0
a12754,0
a07893,0
a17104,0
a22472,0
a08611,0
a07462,0
a22774,1
a06088,0
a17171,0
a07939,0
a04947,0
a13424,0
a14208,0
a27534,0
a15970,0
a01835,0
a07079,0
a30555,1
a28638,0
a00462,0
a17690,0
a16555,1
a31243,0
a09332,0
a18306,0
a13629,0
a13072,0
a05572,0
a22216,0
a11283,0
a10160,1
a28629,0
a00978,0
a00475,0
a14040,0
a24625,0
a23397,0
a28985,0
a23613,0
a31374,0
a19027,0
a02858,0
a17581,0
a20336,1
a26004,0
a03725,0
a30027,0
a30019,0
a13937,0
a18841,0
a11417,0
a29140,0
a22720,0
a22541,0
a06053,0
a23754,0
a03770,0
a22867,0
a27654,0
a30877,0
a23361,0
a13062,1
a18541,0
a28414,1
a24230,0
a24401,1
a26809,0
a27053,0
a10362,1
a23074,0
a03034,1
a29146,1
a11088,1
a00954,0
a04095,0
a17246,1
a20611,1
a08585,1
a13769,1
a01248,1
a17017,0
a05815,1
a21064,0
a12541,0
a08608,0
a25168,0
a16858,1
a13107,1
a07136,0
a06182,0
a16329,0
a01506,0
a01999,0
a25928,0
a22550,0
a05498,0
a19188,1
a18826,0
a06385,0
a19565,0
a12702,0
a13174,0
a26876,0
a25820,0
a25661,0
a19795,0
a09046,1
a01973,0
a27111,0
a03698,0
a08684,0
a30295,0
a08618,0
a14225,0
a15641,0
a10923,0
a14442,0
a25505,0
a18832,0
a26154,0
a20084,0
a31056,0
a31434,0
a13998,0
a07372,0
a24848,0
a21819,0
a20422,0
a24113,0
a19041,0
a31273,0
a15128,0
a16746,0
a28048,0
a00774,0
a10788,0
a01642,0
a19243,0
a06486,0
a04331,0
a20929,0
a27630,0
a01847,0
a03427,0
a06106,0
a17952,0
a24551,0
a29264,0
a07116,0
a01950,0
a20665,1
a26594,0
a01416,0
a23509,0
a26598,0
a23348,0
a30205,0
a09303,1
a00144,0
a30687,0
a30705,0
a18677,0
a24617,0
a07020,0
a22917,0
a23026,0
a11031,0
a02019,0
a00820,0
a12630,1
a12567,1
a15492,0
a13130,1
a10265,1
a02231,0
a22020,1
a12960,0
a20628,0
a16201,0
a02741,1
a13270,1
a11127,1
a00725,1
a23353,1
a26714,0
a07546,1
a23462,0
a06812,1
a17039,1
a07082,1
a09289,0
a06064,0
a09156,0
a09494,0
a17031,0
a19454,0
a21108,0
a12746,0
a25910,0
a30955,0
a08988,0
a11380,0
a26226,0
a30269,0
a17684,0
a01568,0
a21961,0
a27714,0
a17099,0
a29289,0
a02305,0
a11945,0
a15888,0
a14647,0
a11929,1
a24445,0
a10631,0
a31116,0
a20099,0
a02996,0
a01105,0
a06806,0
a02663,0
a09744,0
a00726,0
a20076,0
a30747,0
a08221,0
a24806,1
a00910,0
a10776,0
a05849,0
a17186,0
a17096,0
a13415,0
a01853,0
a07881,0
a00794,0
a06506,0
a15159,0
a03374,0
a08184,0
a04489,0
a16498,0
a20390,0
a05201,0
a21811,0
a09602,1
a01431,0
a16136,0
a08004,0
a08713,1
a29286,0
a17287,0
a16426,0
a23174,0
a27555,0
a30569,0
a27610,0
a04117,0
a03125,0
a03903,0
a07273,0
a23416,0
a23525,0
a28170,0
a05530,0
a30393,0
a24903,0
a06360,0
a27790,0
a24637,0
a08561,0
a15389,0
a29327,0
a06176,0
a04699,0
a05596,0
a01363,1
a13186,0
a03327,0
a12467,0
a27665,0
a20100,0
a11385,0
a05352,0
a07831,0
a13433,0
a02500,0
a05803,0
a28873,0
a18867,0
a19212,0
a22678,0
a25249,0
a25116,0
a02512,0
a17360,0
a26906,0
a08380,0
a05049,0
a02407,0
a30896,0
a24563,0
a10268,0
a27743,0
a03081,0
a14044,0
a04725,0
a10887,0
a05022,0
a26792,0
a10256,0
a10663,0
a30813,0
a22161,0
a24529,0
a09586,0
a14606,0
a24171,0
a02169,0
a07980,0
a20785,0
a02558,0
a12649,0
a21425,0
a26841,0
a26868,0
a19977,0
a07402,0
a00546,0
a05307,0
a25882,0
a05874,0
a11517,0
a27327,0
a15919,0
a22062,0
a07228,0
a08160,0
a11881,0
a18395,0
a29373,0
a13255,0
a14628,1
a12722,0
a03400,0
a04450,0
a25354,0
a25616,0
a27523,0
a08799,0
a12138,0
a22810,0
a11421,0
a06341,0
a00109,0
a01295,0
a00923,1
a14560,0
a17552,0
a20819,0
a14633,0
a02428,0
a08413,0
a27732,0
a18895,0
a03103,0
a28642,0
a18214,0
a06495,0
a13065,0
a07271,0
a19882,1
a18942,0
a19308,0
a03533,0
a25150,0
a21974,0
a12065,0
a07789,0
a03247,0
a00565,0
a02369,0
a23178,0
a19294,0
a19068,0
a04128,0
a27971,0
a11112,0
a26379,0
a13619,0
a22378,0
a23444,0
a16942,0
a24133,0
a24001,0
a24328,1
a09746,0
a14839,0
a00659,0
a17472,0
a19605,0
a23887,0
a19058,0
a02795,0
a17485,0
a06110,0
a30715,0
a27924,0
a20513,0
a29203,1
a31409,0
a25723,0
a27516,0
a05792,0
a12677,0
a10903,0
a22509,0
a15069,0
a04477,0
a23481,0
a12703,0
a13395,0
a27255,0
a09658,0
a01014,0
a15040,0
a04017,0
a21219,0
a10227,0
a16085,0
a17319,0
a23049,0
a30288,0
a11529,0
a25050,0
a30963,0
a14286,0
a09819,0
a03062,0
a01146,0
a15890,0
a30638,0
a09730,0
a21535,1
a02679,0
a01900,0
a29410,0
a24123,0
a30194,0
a30406,0
a31209,0
a19591,0
a05860,0
a02287,0
a06825,0
a04275,0
a26441,0
a02564,0
a23659,0
a15842,0
a28579,0
a13592,0
a19287,0
a25151,0
a04802,0
a01344,0
a17682,1
a08897,0
a18107,0
a26041,0
a24932,0
a29022,0
a22410,0
a17059,0
a24709,0
a16351,0
a01318,0
a28696,0
a18770,0
a10083,1
a05724,0
a03809,0
a15649,0
a15640,0
a17375,0
a16069,0
a08317,0
a20142,0
a08034,0
a29578,0
a25072,0
a00683,0
a15521,0
a26008,1
a28310,0
a17442,0
a17051,0
a26567,1
a24080,0
a26175,0
a30933,0
a16453,0
a08663,0
a01053,0
a23872,0
a28532,0
a03237,0
a09647,0
a30682,0
a00403,0
a05083,0
a14219,0
a04772,0
a05308,0
a27635,0
a09008,0
a16053,0
a09846,0
a22623,0
a24831,0
a05336,0
a12693,0
a08166,0
a20038,0
a23086,0
a25377,0
a30563,0
a24470,1
a11459,0
a18700,0
a10841,0
a30547,1
a10861,0
a18242,0
a04506,1
a04209,1
a18235,0
a16405,0
a27918,0
a09040,0
a04625,1
a05829,1
a18812,0
a20535,0
a24592,0
a10144,0
a15339,0
a30938,0
a12214,1
a15703,0
a20192,0
a21364,1
a20425,0
a22783,1
a15486,1
a10162,1
a06645,1
a16364,0
a10743,1
a29555,1
a30888,1
a04413,1
a23488,1
a21320,1
a06855,0
a01039,0
a07160,0
a00447,0
a19320,0
a29372,0
a21037,0
a28857,0
a27386,0
a05737,0
a05680,0
a01713,0
a12911,0
a24273,1
a01940,0
a00411,0
a24271,0
a27075,0
a04298,0
a16487,0
a22323,0
a23322,0
a18941,0
a00180,0
a13552,0
a11993,0
a23570,0
a26617,1
a21001,0
a16374,0
a01210,0
a10257,0
a26620,0
a21708,0
a20143,0
a15004,0
a26287,0
a07187,0
a15171,0
a24645,0
a30846,0
a09425,0
a13038,0
a08883,0
a13061,0
a02727,0
a09455,0
a20944,0
a17061,0
a00534,0
a13767,0
a23833,0
a28793,0
a30658,0
a03356,0
a00717,0
a31331,0
a12111,0
a21940,1
a21263,0
a09721,0
a26816,1
a08864,0
a27778,0
a15555,0
a03155,0
a18014,0
a24365,0
a02219,0
a08837,0
a08552,0
a11196,0
a08706,0
a03394,0
a11621,0
a25760,0
a03151,1
a03813,0
a22545,0
a28621,0
a19824,0
a01091,0
a28786,0
a26053,0
a16631,0
a28525,0
a06328,0
a13363,0
a28622,0
a29635,0
a30344,0
a31135,0
a18178,0
a02801,0
a16889,0
a28652,0
a24038,0
a20279,0
a00869,0
a01904,0
a31187,0
a18647,0
a23924,0
a26596,0
a11830,0
a11384,0
a29819,0
a03633,0
a10444,0
a13245,0
a12858,0
a10953,0
a30454,0
a18522,0
a16424,0
a01838,0
a29103,0
a00286,0
a20867,0
a24941,0
a10430,0
a05673,0
a18301,0
a08596,0
a30561,0
a11029,0
a25069,0
a18918,0
a26492,0
a27763,0
a19329,0
a23646,0
a22668,0
a07435,0
a23273,0
a17297,0
a00934,0
a29986,0
a06927,0
a15766,0
a27450,0
a08951,0
a27793,0
a16037,0
a11199,0
a09720,0
a16258,0
a12502,0
a29746,0
a13874,0
a18732,0
a14322,0
a14724,0
a20684,0
a19421,0
a03586,0
a10759,0
a13906,0
a19649,0
a21204,0
a03553,0
a12614,0
a16441,0
a21317,0
a28693,0
a19345,0
a05927,0
a27884,0
a13691,1
a20347,0
a03182,0
a14821,0
a13602,0
a25291,0
a19633,0
a02263,0
a18381,0
a08081,0
a22665,0
a02793,0
a22274,1
a01471,1
a08810,1
a09060,1
a20883,1
a21434,0
a24968,1
a01261,1
a05601,1
a10158,0
a27003,0
a09844,0
a04045,0
a21793,0
a12420,0
a13828,0
a16140,0
a07906,0
a23540,0
a07940,0
a06563,0
a08956,0
a22012,0
a17868,0
a24473,0
a06143,0
a10474,0
a02379,0
a26182,0
a09814,0
a12728,0
a11325,0
a24715,0
a20283,0
a19480,0
a00766,0
a30987,0
a26724,0
a28612,0
a14765,0
a25940,0
a10713,0
a12993,0
a09895,0
a00741,0
a02748,0
a11998,0
a18177,0
a26683,0
a26572,0
a10726,0
a16622,0
a16947,0
a02294,0
a09945,0
a22332,0
a10650,0
a17307,0
a30411,0
a11754,0
a23930,0
a31089,0
a00292,0
a11003,0
a03790,0
a23105,0
a31266,0
a10992,0
a18094,0
a22016,1
a04072,0
a03960,0
a11840,0
a01527,0
a30488,0
a04689,0
a20845,0
a24799,0
a27369,0
a02658,0
a09254,0
a27797,0
a19049,0
a28395,0
a26065,0
a07366,0
a09010,1
a21733,0
a12781,0
a11979,0
a01756,0
a29776,0
a10089,0
a09198,0
a16732,0
a24280,0
a28286,0
a06869,0
a24043,0
a19561,0
a19758,0
a29487,0
a05004,1
a12333,0
a00860,0
a24765,0
a01205,0
a21061,0
a23408,0
a16701,0
a12367,0
a16671,0
a02944,0
a02639,0
a03223,0
a05322,0
a18966,0
a04504,0
a08315,0
a22952,0
a00032,0
a16390,0
a20762,0
a15790,0
a12441,0
a18096,0
a09424,0
a06067,0
a08539,0
a05412,0
a14028,0
a26423,0
a03995,0
a05299,0
a15355,0
a17620,0
a17107,0
a25748,0
a11324,0
a15098,0
a20807,0
a17822,0
a29365,0
a19831,0
a13206,0
a09533,0
a13244,0
a15396,0
a09947,0
a16667,0
a10947,0
a18238,0
a04850,0
a21584,0
a19721,0
a21002,0
a14939,0
a25488,0
a09009,0
a22361,0
a20172,0
a06573,0
a06129,0
a20864,0
a01961,0
a28004,0
a10264,0
a05317,0
a07593,0
a08333,0
a29390,0
a22068,0
a15864,0
a27057,0
a25087,1
a19176,1
a16375,1
a16030,1
a22054,0
a12314,1
a13442,1
a27288,0
a06164,0
a16031,0
a30870,0
a06132,0
a12903,0
a09750,1
a04601,0
a13543,0
a05310,0
a01722,0
a01646,1
a13279,0
a05035,0
a25083,0
a01839,0
a25947,0
a23154,0
a22569,0
a28538,0
a05856,0
a12059,0
a12147,0
a29684,0
a00176,0
a16040,0
a19180,0
a05900,0
a13043,0
a25595,0
a17931,0
a21999,0
a12727,0
a24049,0
a18788,0
a02486,0
a23996,0
a22095,0
a26835,0
a14552,0
a23190,0
a30717,0
a28001,0
a15895,0
a11045,0
a29964,0
a16991,0
a03108,0
a28156,0
a02969,0
a27073,0
a27195,0
a09988,0
a12553,0
a29962,0
a21407,0
a24523,0
a16111,0
a02193,0
a20244,0
a15580,0
a28380,0
a11925,0
a30389,0
a29977,0
a22488,0
a12776,0
a07566,0
a02844,0
a19885,0
a09604,0
a23599,0
a15016,0
a21287,0
a02385,0
a04122,0
a04614,0
a12998,0
a14255,0
a25110,0
a20455,0
a16548,0
a03417,0
a25287,0
a17698,0
a23518,0
a19668,0
a29012,0
a03452,0
a07147,0
a07015,0
a04182,0
a13434,0
a17585,1
a07097,0
a09889,0
a29979,0
a07588,0
a13549,0
a12682,0
a30781,0
a15671,0
a22937,0
a22223,0
a00003,0
a11548,0
a04135,0
a16499,0
a18949,0
a26108,0
a15507,0
a26018,0
a01401,0
a07643,0
a30081,0
a05287,0
a13118,0
a07439,0
a25425,0
a21631,1
a10535,0
a10530,0
a22864,0
a10232,0
a23447,0
a23504,0
a05257,0
a22174,0
a00580,0
a09872,0
a11008,0
a13879,0
a07878,0
a07214,0
a25366,0
a08187,0
a18366,0
a21683,0
a09282,0
a24675,0
a02725,0
a22461,0
a03528,0
a08547,0
a00982,0
a27568,0
a17827,0
a14462,0
a27566,0
a02707,1
a17531,1
a07782,1
a14936,1
a15358,1
a09224,1
a06858,1
a26395,1
a27416,0
a03198,0
a20913,0
a30990,0
a19592,1
a29614,1
a25974,1
a01317,0
a09600,0
a28584,0
a21376,0
a22802,1
a19986,0
a18230,0
a26027,0
a03928,0
a30852,0
a13440,0
a23312,0
a29716,0
a23354,0
a25103,0
a19900,0
a12145,0
a06231,0
a26765,0
a05991,0
a07278,0
a27453,0
a21637,0
a21648,0
a15431,0
a23359,0
a11710,0
a23563,0
a01230,0
a07380,0
a05525,0
a18052,0
a28673,0
a07620,0
a29796,0
a18063,1
a10546,0
a10006,0
a07704,0
a00905,0
a09867,0
a27230,0
a30895,0
a29611,0
a02739,0
a26335,0
a03291,0
a30032,0
a28227,0
a28347,0
a28756,0
a14307,0
a31378,0
a25676,0
a05801,0
a29111,0
a11246,0
a02867,0
a17100,0
a11944,0
a22828,0
a27795,0
a16482,0
a04786,0
a02070,0
a20040,0
a05756,0
a20672,0
a06816,0
a14566,0
a24449,0
a12717,0
a00061,0
a15035,0
a26661,0
a02256,0
a13447,0
a08901,0
a04106,0
a13798,0
a24949,0
a20220,0
a07642,0
a11669,0
a08043,0
a17736,0
a27408,0
a19579,1
a29852,0
a20893,0
a18986,0
a27509,0
a27831,0
a18589,0
a16580,0
a07428,0
a09590,0
a05685,0
a30730,0
a20408,0
a22139,0
a03351,0
a21282,0
a02191,0
a15323,0
a31155,0
a14490,0
a05151,0
a28879,0
a20783,0
a07705,0
a31180,0
a08642,0
a06945,0
a25918,0
a27587,0
a15692,0
a21480,0
a17401,0
a13259,0
a17948,0
a02361,0
a28192,1
a23913,0
a19901,1
a02296,0
a18332,0
a12066,0
a27161,0
a19638,0
a25363,1
a10895,0
a19980,0
a10244,0
a26363,1
a19906,0
a12483,0
a14696,0
a04306,0
a01759,0
a22768,0
a03950,0
a04445,0
a24533,0
a05212,0
a13060,0
a09174,0
a16034,0
a04706,0
a16438,0
a13114,0
a06370,0
a31428,0
a21160,0
a24360,0
a23202,1
a10303,0
a29731,0
a24852,0
a20821,0
a05557,0
a07727,0
a09551,0
a08310,0
a00727,0
a02197,0
a12162,0
a25112,0
a21818,0
a09502,0
a16272,0
a06915,0
a07569,0
a11854,0
a11970,0
a09903,0
a22371,0
a18560,0
a07005,0
a11856,0
a21166,1
a28797,0
a13685,0
a09440,0
a18325,0
a00680,0
a15884,0
a13328,0
a27041,0
a17842,0
a04954,0
a28130,0
a29228,0
a01783,0
a19965,0
a01361,0
a30533,0
a26446,0
a15637,0
a07781,0
a11606,0
a06789,0
a17969,1
a21688,0
a22376,1
a22938,0
a20705,0
a09892,0
a25189,0
a04889,0
a16761,0
a11291,0
a04817,0
a25131,0
a04282,0
a06583,0
a11044,0
a03945,0
a22445,0
a19315,0
a07837,0
a23083,0
a21143,0
a21415,0
a19139,0
a03758,0
a13784,0
a16744,0
a13633,0
a17813,0
a04241,0
a10834,0
a29641,0
a05582,0
a24608,0
a29150,0
a27510,0
a02346,0
a30315,1
a01081,0
a10606,0
a22187,0
a19545,0
a16639,0
a03968,1
a18926,0
a01519,0
a12362,0
a12563,0
a09954,0
a15644,1
a30066,0
a28887,1
a17291,0
a07346,0
a30818,0
a27285,0
a08330,0
a13983,0
a11102,0
a22760,0
a02020,0
a29257,0
a21639,0
a12472,0
a14620,0
a00293,0
a03748,0
a27183,0
a17904,0
a05823,0
a28368,0
a18218,0
a01779,0
a16298,0
a31437,0
a00115,0
a28933,1
a26214,0
a06263,1
a08817,0
a12249,1
a07573,1
a19827,0
a31324,1
a18257,1
a29226,0
a18100,1
a06989,0
a13264,0
a03839,0
a07403,0
a23712,1
a20295,0
a26946,1
a24418,0
a01879,1
a08374,1
a01810,0
a00799,0
a11673,0
a05265,1
a13319,1
a21070,0
a10662,1
a21740,0
a00354,1
a00374,0
a25274,0
a00275,1
a25277,0
a16130,1
a02163,0
a11640,1
a23969,1
a30649,0
a01188,0
a22844,0
a01159,0
a28473,0
a22123,0
a14924,0
a08422,0
a26963,0
a12660,0
a23717,0
a21355,0
a12536,0
a04549,0
a09997,0
a23557,0
a25360,1
a07175,0
a17041,0
a07151,0
a11715,0
a09241,0
a12275,0
a15278,0
a00512,0
a13812,0
a28102,0
a03038,0
a07458,0
a04088,0
a02788,0
a10893,0
a14300,0
a05663,0
a24958,0
a03206,0
a29438,0
a16925,0
a11386,0
a30719,0
a27170,0
a18398,0
a00611,0
a20534,0
a08266,0
a28045,0
a00426,0
a11747,0
a12204,0
a01474,0
a17817,0
a04632,0
a21451,0
a22285,0
a11941,1
a12457,0
a16757,0
a05305,0
a16909,0
a27109,0
a12605,0
a11607,0
a21680,0
a20319,0
a10962,0
a22756,0
a26573,1
a12864,0
a04749,0
a04878,0
a15568,0
a07100,0
a27616,0
a24593,0
a26373,1
a29532,0
a12114,1
a10159,1
a21179,0
a00226,0
a03583,0
a18154,0
a16987,1
a14898,0
a22886,1
a18576,1
a30100,1
a21233,1
a09412,1
a11780,1
a28204,1
a08671,0
a07791,1
a16801,0
a18851,0
a19223,0
a28343,1
a28961,1
a12901,0
a21427,0
a26049,1
a26042,0
a04818,1
a22007,1
a10639,0
a30274,1
a03299,0
a03020,0
a31110,1
a28625,0
a21530,1
a31423,0
a29597,1
a29957,1
a06389,0
a08594,0
a11439,0
a22701,0
a03778,0
a08492,0
a24148,0
a28491,0
a29068,0
a16606,0
a30576,0
a09334,0
a07254,1
a00693,0
a20020,0
a22168,0
a05647,0
a26098,0
a19051,0
a06125,0
a16768,0
a19528,0
a16170,0
a30024,0
a04077,0
a02509,0
a18910,0
a27401,0
a24012,0
a29166,0
a23374,0
a11290,0
a20238,0
a18049,0
a04365,0
a07497,0
a08272,1
a05946,0
a01588,0
a12900,0
a09476,0
a13908,0
a19160,1
a21122,0
a20435,0
a30376,0
a08855,0
a26264,0
a23428,0
a18854,0
a30517,0
a28303,0
a02275,0
a25851,0
a07049,0
a14506,1
a26158,0
a29529,0
a18438,0
a11974,0
a08428,0
a25539,0
a25571,1
a11918,0
a15181,0
a10433,0
a15823,0
a07913,0
a16318,0
a25310,0
a28775,0
a09099,0
a04048,0
a11234,0
a05534,0
a12612,0
a25884,0
a01306,0
a25635,0
a26540,0
a02007,0
a22093,0
a00505,0
a06211,0
a11335,0
a25570,0
a07215,0
a14363,0
a06095,0
a21121,0
a19226,0
a03165,0
a03159,0
a16296,0
a19005,0
a12687,0
a06142,0
a24752,0
a12908,0
a11296,0
a03766,0
a11504,0
a13209,0
a03548,0
a06552,0
a03706,0
a01456,0
a02505,0
a28565,1
a02690,0
a19450,0
a12387,0
a00195,0
a20428,0
a19917,0
a07930,0
a21448,0
a30260,0
a08860,0
a20261,0
a13046,1
a05236,0
a07016,0
a20813,1
a07323,0
a21392,0
a11652,0
a26501,0
a25715,0
a26068,0
a13471,0
a12548,0
a25953,0
a04011,0
a28287,0
a03973,0
a05878,0
a30534,0
a13109,0
a15750,0
a21767,0
a11609,0
a09276,0
a08448,0
a04596,0
a27878,0
a17673,0
a08635,0
a31257,0
a07685,0
a16274,0
a23497,0
a25056,0
a23978,0
a09278,0
a23321,0
a03153,0
a02108,0
a05932,0
a17346,0
a18823,1
a28542,0
a30294,0
a23412,0
a13957,0
a09771,0
a05775,0
a15889,0
a27902,0
a23171,0
a05402,0
a29547,0
a12921,0
a17743,0
a09119,1
a22784,0
a30349,0
a06460,0
a03981,0
a27153,0
a31096,0
a15939,0
a31127,0
a05664,0
a27036,0
a28920,1
a00702,0
a20405,0
a24500,0
a25939,0
a04972,0
a19007,0
a24762,0
a29107,0
a20722,0
a25797,0
a24047,0
a06924,0
a12851,0
a25239,0
a06758,0
a01762,0
a25341,0
a20150,0
a04915,0
a09845,0
a01236,0
a16766,0
a16835,0
a12990,1
a12970,0
a20978,0
a00862,0
a11026,0
a15096,0
a04584,0
a26450,0
a14503,0
a14078,0
a06995,0
a09738,1
a05030,0
a24180,0
a08503,0
a08647,0
a04867,0
a03716,0
a03311,0
a07717,1
a06197,0
a22995,0
a29046,0
a08610,0
a23496,0
a24490,0
a07718,0
a05824,0
a08629,0
a02035,0
a11522,0
a30115,0
a27499,0
a03240,0
a03129,0
a29720,0
a17030,0
a21681,0
a16006,0
a21716,0
a28210,0
a29863,0
a25818,0
a29171,0
a20982,0
a14125,0
a03403,0
a31413,0
a14333,0
a01424,0
a30970,0
a18663,0
a01291,0
a24772,0
a17766,1
a13101,0
a19921,0
a22206,0
a17519,0
a12015,0
a14067,0
a07883,0
a23674,0
a24544,0
a31370,0
a02363,0
a25502,0
a02670,0
a01858,0
a30030,0
a18981,0
a01813,0
a22710,0
a01200,0
a03671,0
a30661,0
a02713,0
a14952,0
a24275,0
a15822,0
a18135,0
a08230,0
a25636,0
a02762,0
a19631,0
a10707,0
a28291,0
a13390,0
a06963,0
a00712,0
a03807,0
a18814,0
a01564,0
a11869,0
a21211,0
a18838,0
a30518,0
a22129,1
a15297,0
a06610,0
a05144,0
a07474,0
a00781,0
a24251,0
a30061,0
a06664,0
a29005,0
a00578,0
a07576,1
a00126,0
a12448,0
a04779,0
a06277,0
a17479,0
a16254,1
a25199,0
a22898,0
a10637,0
a05881,0
a24904,0
a21734,0
a13678,0
a20696,0
a00938,1
a01583,0
a02066,0
a06859,0
a25605,0
a00871,0
a26473,0
a08861,0
a01392,0
a01978,1
a26136,0
a23521,0
a24277,0
a08600,0
a14247,0
a11576,0
a16173,0
a07140,0
a29767,0
a09181,0
a25887,0
a24850,1
a17164,0
a01648,0
a00075,0
a31478,0
a02738,0
a24710,0
a07250,0
a23060,0
a09380,0
a12081,1
a12359,0
a18721,0
a04979,1
a16098,0
a12182,0
a25746,0
a29577,0
a27347,0
a22858,0
a22498,0
a02158,0
a15600,0
a17912,0
a23266,0
a00576,0
a19769,0
a20120,0
a11388,0
a05072,0
a11553,0
a20031,0
a16420,0
a00972,0
a14034,0
a14232,0
a10754,0
a23185,0
a02129,0
a00440,0
a17600,0
a06605,0
a20071,0
a04177,0
a00368,0
a11478,0
a01729,0
a31218,0
a11626,0
a27452,0
a03479,0
a21080,0
a03599,0
a00985,0
a21421,0
a17807,0
a26402,0
a30722,0
a19784,0
a08685,0
a22291,0
a17742,0
a29915,0
a18903,0
a02308,0
a24025,0
a11697,0
a00257,0
a25003,0
a29602,0
a07422,0
a06926,0
a14197,0
a24048,0
a19237,0
a00128,0
a19532,0
a01836,0
a20878,0
a04250,0
a11413,0
a09654,0
a13840,0
a20800,0
a09092,0
a25681,0
a02001,0
a16598,0
a12119,0
a09956,0
a21970,0
a09021,0
a10712,0
a20470,0
a27139,0
a17103,1
a25314,0
a18344,1
a02922,0
a08279,0
a20908,0
a15866,0
a20037,0
a12777,0
a10513,0
a13403,0
a04681,0
a22326,0
a14280,0
a22091,0
a15360,0
a10193,0
a20221,0
a03226,0
a09681,0
a13002,0
a18726,0
a16395,0
a23214,0
a21283,0
a00267,0
a29421,0
a01080,0
a17494,0
a18587,0
a11984,0
a22695,0
a29694,0
a13410,0
a24641,0
a17678,0
a25298,0
a02865,0
a02629,1
a10135,1
a00811,0
a03391,0
a22499,0
a30352,0
a26774,0
a05431,0
a15168,0
a00895,0
a23858,0
a21499,0
a20325,0
a28849,0
a06600,0
a04325,0
a26144,1
a18138,0
a09052,1
a08862,0
a11926,0
a03825,0
a18713,0
a21640,0
a29510,0
a30803,1
a15083,0
a30945,0
a16383,0
a20986,0
a24480,0
a04224,0
a02810,1
a18092,1
a27963,0
a01212,1
a14889,0
a04034,1
a09152,0
a02377,0
a16543,0
a10299,0
a19470,0
a09949,1
a01789,0
a23835,1
a02630,0
a12609,0
a15152,1
a23338,0
a06922,0
a04637,0
a02493,0
a20067,0
a11514,0
a20306,1
a29292,0
a22866,1
a17280,0
a23445,0
a24088,0
a09236,1
a12445,1
a03626,1
a13697,0
a30428,1
a06438,0
a05233,1
a25416,0
a08508,0
a10613,0
a19142,0
a07647,0
a27418,0
a00430,0
a25477,0
a02972,1
a30923,0
a15784,0
a02154,0
a11837,0
a02027,1
a19937,0
a13900,0
a15809,0
a09557,1
a30587,0
a06454,0
a21804,1
a21897,0
a12710,0
a14010,0
a24409,1
a03364,1
a27617,0
a21222,0
a12652,0
a14941,0
a14645,0
a25690,0
a17540,0
a06052,1
a12158,1
a28821,0
a02609,0
a03653,0
a15549,0
a18461,0
a13211,0
a30423,0
a21262,0
a24102,0
a09648,0
a11795,0
a18500,0
a24588,0
a22575,0
a16399,0
a00304,0
a17838,0
a22823,0
a13275,0
a08591,0
a02453,0
a30044,0
a15452,0
a30972,0
a07660,0
a07430,0
a22601,1
a00232,0
a19257,0
a21330,0
a19627,0
a29394,1
a12415,0
a00347,0
a21547,0
a25471,0
a25137,0
a04016,0
a14764,0
a22076,0
a06901,0
a26178,0
a00623,0
a16762,1
a16303,0
a04573,0
a25006,0
a08640,0
a29328,0
a16568,0
a13605,0
a25601,0
a00542,0
a03150,0
a12069,0
a06314,0
a28551,1
a24307,0
a30035,1
a17881,0
a16072,0
a21825,0
a25057,0
a05914,0
a19118,1
a14747,0
a04612,1
a23280,0
a04111,0
a22861,0
a10134,0
a13379,0
a17784,0
a03037,0
a11534,0
a31238,0
a02238,0
a04839,0
a06397,0
a00937,0
a08032,0
a23927,0
a16289,0
a21541,0
a21223,0
a06104,0
a03837,0
a01741,0
a15461,0
a02026,0
a11229,0
a13210,0
a18412,0
a18698,0
a13329,0
a18282,0
a13736,0
a21939,0
a21292,0
a15773,0
a06012,0
a01466,0
a04502,0
a20920,0
a12026,0
a15571,0
a03830,0
a18489,0
a16124,0
a02469,0
a07688,1
a13849,0
a04415,0
a25417,0
a00488,0
a07973,0
a04843,0
a05376,0
a04513,0
a19008,0
a11457,0
a01548,0
a14971,0
a21101,0
a13099,0
a15737,0
a08245,0
a23095,0
a20179,0
a29549,0
a23452,0
a22238,0
a23327,0
a14767,0
a05447,0
a00155,0
a07028,0
a02437,0
a24916,0
a22531,0
a12191,0
a05103,0
a01541,0
a28089,0
a03640,0
a13836,0
a03113,0
a19896,0
a00366,0
a04408,0
a23524,0
a11035,0
a17324,0
a28997,0
a28138,0
a11908,0
a31095,0
a06898,0
a30857,0
a31284,0
a05711,0
a18777,0
a07406,0
a02068,0
a00793,0
a20795,1
a30663,0
a18419,0
a03516,0
a00172,0
a16278,0
a10087,0
a16860,0
a15905,0
a19838,0
a13934,0
a05623,1
a25843,0
a11346,0
a29162,0
a26187,0
a09305,0
a05746,0
a11145,0
a19145,1
a17954,0
a19707,0
a06946,1
a15178,0
a07551,0
a07393,0
a14887,0
a15402,0
a21898,0
a06936,0
a30837,0
a06546,0
a20510,0
a19355,0
a20962,0
a06477,0
a13943,0
a25010,0
a05958,0
a12798,0
a27076,0
a11823,0
a06797,0
a02417,0
a22393,0
a20376,0
a19344,0
a05148,0
a31240,0
a17469,0
a10426,0
a18779,0
a04061,0
a18033,0
a19061,0
a23806,0
a07949,0
a27969,0
a18971,0
a03527,0
a20056,0
a27946,0
a14138,0
a28819,0
a09441,1
a29336,0
a10976,0
a28022,0
a16518,0
a27727,0
a03761,0
a28787,0
a18418,0
a07734,1
a19908,0
a24066,0
a16725,0
a14167,0
a15894,0
a00393,0
a22566,0
a20868,0
a09438,0
a10701,0
a14842,0
a29670,0
a05222,0
a15920,0
a18939,0
a04598,0
a23438,1
a11801,0
a02064,0
a04913,0
a16486,0
a19934,0
a14987,0
a16570,0
a29781,0
a20059,0
a07988,0
a25730,0
a30641,1
a10878,0
a14850,0
a12989,0
a20442,0
a10508,1
a20547,0
a02746,0
a18753,0
a22888,0
a28459,0
a00541,0
a30138,0
a20452,0
a27389,0
a24432,0
a12812,0
a18270,0
a30011,0
a13519,0
a21523,0
a13560,0
a04951,0
a27356,1
a14181,0
a23385,1
a17613,0
a23824,0
a03702,0
a12363,0
a02282,0
a27173,0
a08941,0
a17681,0
a21511,0
a25373,0
a13241,0
a20045,0
a03215,0
a28890,0
a08793,0
a10298,1
a20822,0
a15915,0
a11800,0
a27070,0
a05125,0
a31289,1
a27885,1
a06275,0
a10538,0
a29090,0
a14149,0
a08025,0
a19728,1
a25699,1
a02155,0
a09038,0
a15392,0
a11443,0
a12423,0
a01795,0
a19418,0
a22294,0
a01913,0
a25170,0
a27762,0
a23318,0
a27985,0
a30154,0
a07884,0
a00224,0
a27709,0
a11592,0
a19804,0
a31308,0
a13870,0
a01180,0
a02525,0
a13037,0
a31255,0
a06757,0
a07021,0
a00181,0
a30850,0
a15329,0
a20885,0
a17663,0
a06685,0
a03870,0
a22560,0
a27798,0
a28750,0
a07451,0
a26222,0
a25795,0
a27117,1
a27130,0
a00525,0
a03757,0
a13756,0
a02073,0
a17363,1
a15899,0
a27290,1
a25808,0
a01734,0
a22676,1
a17289,1
a29481,0
a02644,0
a13428,0
a11189,0
a22440,0
a04701,0
a06329,1
a15184,1
a13654,0
a12688,0
a01769,1
a29985,0
a28324,1
a00020,1
a19540,0
a12836,1
a20965,0
a05941,1
a11614,1
a18091,0
a01492,1
a05237,1
a14797,0
a11574,1
a18951,1
a00929,0
a25674,0
a02072,0
a12813,1
a07726,0
a15825,0
a15145,1
a04074,0
a10253,1
a11571,0
a09795,0
a08200,0
a24075,0
a17571,1
a04773,0
a24063,0
a13826,0
a14787,0
a24199,0
a31276,0
a00679,0
a03059,1
a14233,0
a25750,1
a17716,0
a25055,0
a08745,0
a30002,0
a10101,0
a17895,0
a15258,0
a25981,0
a24410,0
a10142,0
a13165,0
a08111,0
a18866,0
a26507,0
a24718,0
a25906,0
a07742,0
a11701,0
a04129,0
a11172,1
a29527,0
a30731,0
a22271,1
a27704,0
a12562,0
a17094,0
a28618,0
a17467,0
a28105,0
a27712,0
a25235,0
a13733,1
a07991,0
a03022,0
a11252,0
a15605,0
a04907,0
a06425,0
a07709,1
a27289,0
a00707,1
a27180,0
a10482,0
a00651,0
a16830,0
a10821,1
a18075,0
a29898,1
a30209,0
a16849,0
a17374,0
a04270,0
a09749,0
a31452,0
a18581,0
a27222,0
a04370,0
a04200,0
a14186,0
a31131,0
a22604,0
a14407,0
a12829,1
a21011,0
a01801,0
a21196,0
a12943,0
a02740,0
a10290,0
a29258,1
a11641,0
a07463,0
a15767,0
a18580,1
a07291,1
a04166,1
a04866,0
a16175,0
a19959,0
a06262,0
a16616,0
a24114,1
a04563,0
a12120,0
a21685,1
a25864,0
a16557,0
a02352,1
a13152,0
a28278,0
a09211,0
a22261,0
a29700,0
a10584,1
a08351,0
a01948,0
a07357,0
a23410,0
a20773,0
a03180,1
a26696,1
a18635,0
a09842,0
a29612,0
a05013,0
a06309,0
a01585,0
a05938,0
a30420,0
a03678,0
a23617,0
a26477,1
a22865,0
a21764,0
a28263,0
a20723,0
a22186,0
a16895,0
a24783,0
a18805,0
a28798,0
a12535,0
a05570,0
a29060,0
a00648,1
a19503,1
a18457,0
a17940,0
a16154,0
a21201,0
a16794,0
a17876,0
a14784,0
a13197,0
a26547,0
a17303,0
a25891,1
a09900,0
a06630,0
a25566,0
a09487,0
a31234,0
a24014,0
a19941,1
a09327,0
a10254,0
a08928,0
a03148,0
